bazel,5dbb23b,Fri Feb 24 17:14:35 2017
clojure,c0326d2,Fri Oct 28 22:24:47 2016
deeplearning4j,f250811,Sat Feb 25 12:58:44 2017
disruptor,2314a27,Mon Nov 21 20:16:47 2016
dropwizard,e823137,Fri Feb 24 19:55:30 2017
druid,78b8a57,Sat Feb 25 11:30:30 2017
dubbo,27917f2,Wed Jun 15 12:09:37 2016
fastjson,490213c,Tue Feb 21 05:04:12 2017
gradle,2f9dac0,Sun Feb 26 08:06:12 2017
Hystrix,c674545,Fri Feb 10 21:05:15 2017
java-design-patterns,cca4760,Sun Feb 12 00:33:30 2017
jedis,2c6ade7,Wed Feb 22 09:43:01 2017
kafka,5b682ba,Sun Feb 26 04:44:32 2017
kotlin,fa5728b,Fri Feb 24 17:58:25 2017
leakcanary,f0bfbbd,Sun Feb 26 10:12:58 2017
metrics,6b6aefb,Fri Feb 24 20:05:34 2017
mockito,fad7211,Sun Feb 26 01:25:29 2017
mybatis-3,ed2cc17,Sat Feb 25 04:04:18 2017
neo4j,8ae7eac,Fri Feb 24 23:34:00 2017
okhttp,89621df,Wed Feb 15 05:53:53 2017
presto,0c6c3b2,Sat Feb 25 03:40:27 2017
retrofit,39fcdb4,Fri Feb 24 19:51:33 2017
spark,9618b83,Thu Feb 23 10:58:28 2017
spring-boot,3a8be10,Fri Feb 24 18:46:04 2017
storm,cdb116e,Fri Dec 13 20:53:13 2013
webmagic,a872a64,Sat Feb 25 16:46:29 2017
zipkin,4624229,Wed Feb 15 16:45:00 2017
bazel,5dbb23b,Fri Feb 24 17:14:35 2017
clojure,c0326d2,Fri Oct 28 22:24:47 2016
deeplearning4j,f250811,Sat Feb 25 12:58:44 2017
disruptor,2314a27,Mon Nov 21 20:16:47 2016
dropwizard,e823137,Fri Feb 24 19:55:30 2017
druid,78b8a57,Sat Feb 25 11:30:30 2017
dubbo,27917f2,Wed Jun 15 12:09:37 2016
fastjson,490213c,Tue Feb 21 05:04:12 2017
gradle,2f9dac0,Sun Feb 26 08:06:12 2017
Hystrix,c674545,Fri Feb 10 21:05:15 2017
java-design-patterns,cca4760,Sun Feb 12 00:33:30 2017
jedis,2c6ade7,Wed Feb 22 09:43:01 2017
kafka,5b682ba,Sun Feb 26 04:44:32 2017
kotlin,fa5728b,Fri Feb 24 17:58:25 2017
leakcanary,f0bfbbd,Sun Feb 26 10:12:58 2017
metrics,6b6aefb,Fri Feb 24 20:05:34 2017
mockito,fad7211,Sun Feb 26 01:25:29 2017
mybatis-3,ed2cc17,Sat Feb 25 04:04:18 2017
neo4j,8ae7eac,Fri Feb 24 23:34:00 2017
okhttp,89621df,Wed Feb 15 05:53:53 2017
presto,0c6c3b2,Sat Feb 25 03:40:27 2017
retrofit,39fcdb4,Fri Feb 24 19:51:33 2017
spark,9618b83,Thu Feb 23 10:58:28 2017
spring-boot,3a8be10,Fri Feb 24 18:46:04 2017
storm,cdb116e,Fri Dec 13 20:53:13 2013
webmagic,a872a64,Sat Feb 25 16:46:29 2017
zipkin,4624229,Wed Feb 15 16:45:00 2017
